,,,,,,,,,,,,,,,,,
,Ofertas ,,,,,,,,,,,,,,,,
,ID,Area,Cargo,Actividad,Descripción,Experiencia,"Salario Mensual (Moneda COL)
4,140",,Tipo de contrato,Modalidad,Habilidades blandas,Idioma,Ubicación ,,Plataforma,Nombre de la empresa,Fuente
,,,,,,,Minimo,Maximo,,,,,Pais, Cuidad,,,
,1,Ingeniero de investigación,Ingeniero de Investigación (Prototipado),Desarrollo de prototipos y exploración de software,"GitHub Next está buscando un ingeniero de investigación experimentado para realizar investigaciones y construir prototipos. Se espera que el candidato tenga una comprensión profunda del contexto industrial y empresarial de GitHub y que tenga experiencia con una variedad de tecnologías. Los candidatos ideales son generalistas con algunas áreas de conocimiento más profundo, capaces de comunicarse de manera efectiva e inclusiva y sentirse cómodos trabajando de manera remota.",8,"40,723,750","108,080,593",Sin especificar,Remoto,"Comunicación efectiva e inclusiva, colaboración, habilidad para lidiar con la ambigüedad",Ingles,Estados Unidos,Otro país,GreenHouse,Git hub,https://boards.greenhouse.io/github/jobs/5142414
,2,Ingeniero de investigación,Ingeniero de Investigación," Investigación y desarrollo de software, construcción de prototipos y toma de decisiones tecnológicas","El candidato trabajará como parte del equipo de GitHub Next para explorar el futuro del desarrollo de software, construir prototipos e informar a los líderes de GitHub sobre potenciales productos futuros. Este no es un papel de investigación académica; se espera que los candidatos puedan convertir ideas en productos viables.",Sin especificar,Sin especificar,,Término fijo,Remoto," Eficacia en la comunicación (incluyendo prácticas de comunicación remota), habilidad para colaborar con el equipo en la identificación de tareas y en la ejecución de las mismas, y capacidad para persuadir a los compañeros de equipo con sus ideas.",Ingles,Inglaterra,Otro país,GreenHouse,Git hub,https://boards.greenhouse.io/github/jobs/5142434
,3,Ingeniero de investigación,Ingeniero de Investigación (Prototipado), Conducción de investigaciones y construcción de prototipos,"El ingeniero de investigación será parte del equipo GitHub Next, cuyo trabajo es explorar el futuro del desarrollo de software, construir prototipos y presentar propuestas de productos a los líderes de GitHub. Se espera que los candidatos sean capaces de transformar grandes ideas en productos viables. Este no es un rol de investigación académica.",Sin especificar,Sin especificar,,Término fijo,Remoto,"Debe ser un comunicador efectivo e inclusivo, cómodo con las prácticas de comunicación remota. También debe ser capaz de colaborar con los compañeros de equipo para determinar qué trabajo necesita hacerse, dividir ese trabajo y hacerlo. Debe estar cómodo leyendo el código fuente y estar dispuesto a adoptar nuevas pilas de tecnología como parte normal del trabajo.",Ingles,Canadá,Otro país,GreenHouse,Git hub,https://boards.greenhouse.io/github/jobs/5142428
,4,Ingeniero de investigación,"Director Senior, Ingeniería de Investigación",Liderar un equipo de investigadores y construir prototipos,"El Director Senior de Ingeniería de Investigación liderará un pequeño equipo de investigadores experimentados y talentosos para ayudar a definir el futuro del desarrollo de software en GitHub Next. Aunque el equipo se centra en la investigación y el desarrollo aplicado, este no es un rol de investigación académica. El objetivo es soñar en grande y allanar el camino hacia el futuro construyendo nosotros mismos.",Sin especificar,Sin especificar,,Término fijo,Remoto,"Se requieren excelentes habilidades de comunicación escrita y verbal, que puedan articular claramente temas complejos, identificar compromisos y ayudar a inspirarnos a asumir apuestas arriesgadas y especulativas. Debe ser capaz de identificar y justificar metas de investigación en situaciones de ambigüedad y ejecutar hacia esas metas sin dirección explícita.",Ingles,Inglaterra,Otro país,GreenHouse,Git hub,https://boards.greenhouse.io/github/jobs/5161232
,5,Ingeniero de investigación,"Director Senior, Ingeniería de Investigación",Liderar un equipo de investigación y desarrollo de software,"El Director Senior de Ingeniería de Investigación liderará un equipo de investigadores para definir el futuro del desarrollo de software en GitHub Next. El trabajo no es solo soñar en grande, sino también allanar un camino hacia el futuro, construyéndolo nosotros mismos.",Sin especificar,Sin especificar,,Término fijo,Remoto," Se requieren excelentes habilidades de comunicación escrita y verbal, que puedan articular claramente temas complejos, identificar compromisos y ayudar a inspirarnos a asumir apuestas arriesgadas y especulativas. Debe ser capaz de identificar y justificar metas de investigación en situaciones de ambigüedad y ejecutar hacia esas metas sin dirección explícita.",Ingles,Alemania,Otro país,GreenHouse,Git hub,https://boards.greenhouse.io/github/jobs/5161241
,6,Ingeniero de software,"Practicantes de ingenieria de sistemas, mecatronica y/o ingenieria de software",,,0,"1,000,000","1,500,000",Obra labor,Presencial,,Ingles,Canadá,Otro país,GreenHouse,BANCO AV VILLAS,https://www.elempleo.com/co/ofertas-trabajo/practicantes-de-ingenieria-de-sistemas-mecatronica-y-o-ingenieria-de-software/1885809237?highlight=ingenieria
,7,Ingeniero de datos,"Ingeniero de datos
",Modernización de las interacciones entre compañías generadoras de mensajería expresa y operadores postales.,"KIKI LOGISTICS SAS es la primera empresa en LATAM que se especializa en modernizar las interacciones entre las compañías generadoras de mensajería expresa con operadores postales. Su misión es repartir paquetes por sonrisas en Colombia y el mundo. El Ingeniero de datos estará encargado de diseñar e implementar arquitecturas de datos, desarrollar y mantener pipelines de datos, realizar la integración de datos de diversas fuentes, optimizar el rendimiento de los sistemas de gestión de bases de datos, garantizar la seguridad y privacidad de los datos, entre otras tareas.",3,"5,500,000","6,000,000",Término indefinido,Híbrido,"Trabajo en equipo, adaptabilidad, proactividad y atención al detalle debido a la naturaleza del cargo.",Español,Colombia,Cartagena,Elempleo,Kiki Logistics SAS,https://www.elempleo.com/co/ofertas-trabajo/ingeniero-de-datos/1885847551?trabajo=ingeniero%20de%20datos&highlight=ingenieria%20de%20datos
,8,Communiy manager,Community Manager,"Moderar y fomentar la interacción en las Discusiones Comunitarias de GitHub, y convertirse en un experto en productos de GitHub.","Se busca un Community Manager para que se convierta en un experto en productos de GitHub y apoye y faculte a nuestros usuarios en las Discusiones de la Comunidad de GitHub. El candidato ideal está comprometido con el éxito de la comunidad de GitHub y de código abierto, y se enfoca en el compromiso, disfrute y crecimiento de nuestras comunidades.",2,Sin especificar,,Sin especificar,Remoto,"Excelentes habilidades de comunicación oral y escrita, incluyendo la habilidad de comunicar claramente recomendaciones y soluciones con los clientes y las partes interesadas. Capacidad para desarrollar e implementar soluciones creativas e influir en su adopción. Fuertes habilidades de gestión de proyectos, incluyendo la habilidad de manejar entregables multifuncionales en un ambiente de ritmo rápido.",Ingles,Estados Unidos,Otro país,GreenHouse,Git hub,https://boards.greenhouse.io/github/jobs/5189430
,9,Cientifico de datos,Data Scientist,Desarrollo y aplicación de inteligencia artificial y tecnologías de 5G para hacer ciudades más inteligentes.,"SlideX es una empresa startup tecnológica dedicada a hacer que las ciudades alrededor del mundo sean más inteligentes a través de la tecnología de inteligencia artificial y 5G. Su visión es proveer a ciudades y comunidades una plataforma de servicios inteligentes y conectados para mejorar la toma de decisiones basada en datos, optimizar la interacción entre ciudadanos y gobiernos, y brindar múltiples beneficios en áreas como seguridad, transporte, desarrollo económico, entre otros. Actualmente, SlideX trabaja en asociación con el equipo de Inteligencia Artificial de Microsoft para establecer configuraciones de prueba eficientes. La principal tarea del Data Scientist será la creación de IA que imite procesos de pensamiento humano y lleve a cabo diversas funciones relacionadas con el Machine Learning y análisis de datos.",5,"5,921,343","9,118,271",Freelance,Sin especificar,"Capacidad de trabajar con diversos stakeholders y equipos funcionales.
Pasión por descubrir soluciones en grandes conjuntos de datos.
Fuertes habilidades de resolución de problemas con énfasis en desarrollo de productos.
Excelentes habilidades de comunicación escrita y verbal para coordinación entre equipos.
Deseo de aprender y dominar nuevas tecnologías y técnicas.",Bilingüe,Colombia, Bogotá,Indeed,Slide X,https://co.indeed.com/q-machine-learning-empleos.html?vjk=2c461055eb8297f0
,10,Ingeniero de software,Ingeniero de software,"Diseño, construcción y desarrollo de soluciones técnicas para las necesidades de negocio. Acompañamiento técnico al proveedor de solución, seguimiento a la operación y su correcto funcionamiento.","En Cencosud Colombia están buscando un Ingeniero de Software que se encargará de analizar y resolver solicitudes generadas por usuarios que puedan ser desarrolladas y aplicadas en términos de cuadratura de cifra y envío de información hacia los sistemas BackOffice de Cencosud. También será responsable de analizar y responder a los errores presentados en producción, y cumplir con tareas específicas asignadas para cada tipo de proyecto.",6,"8,000,000","10,000,000",Término indefinido,Híbrido,"Capacidad de análisis, habilidades para la resolución de problemas, capacidad para trabajar de manera efectiva con proveedores de soluciones, seguimiento de operaciones y su correcto funcionamiento.",Español,Colombia, Bogotá,Elempleo,Cencosud Colombia,https://www.elempleo.com/co/ofertas-trabajo/software-engineer/1885810588?trabajo=software%20engineer&highlight=SOFTWARE%20ENGINEER
,11,Ingeniero de software,Cloud-Native Azure Software Engineer,"Desarrollo fullstack, testing, implementación de aplicaciones nativas de la nube mediante funciones sin servidor/aplicaciones lógicas/azure webapps.","Inetum, una multinacional de consultoría, outsourcing e integración de sistemas en Tecnologías de la información con presencia en 26 países, está en busca de un Cloud-Native Azure Software Engineer. El candidato ideal debe ser Ingeniero de Sistemas o carreras afines y tener experiencia en desarrollo fullstack, testing e implementación de aplicaciones nativas de la nube. Además, es esencial que el candidato cuente con al menos una de las certificaciones listadas, como Microsoft Certified Azure Solutions Architect Expert, Microsoft Certified Azure Data Engineer Associate, entre otros.",5,"10,000,000","12,500,000",Término indefinido,Remoto,"Capacidad para trabajar en un ambiente multinacional, habilidades de comunicación efectiva (especialmente en un contexto bilingüe), adaptabilidad a diferentes plataformas y tecnologías, capacidad de análisis y solución de problemas.",Bilingüe,Sin especificar,No especifica,Elempleo,Inetum,https://www.elempleo.com/co/ofertas-trabajo/cloudnative-azure-software-engineer/1885813035?trabajo=software%20engineer
,12,Ingeniero QA,Qa automation bilingue,"Automatización de pruebas, diseño y redacción de pruebas teniendo en cuenta riesgos, casos de prueba en circunstancias variables, detección y notificación de fallos y errores, identificación de causas de problemas de software.","Una reconocida multinacional busca un profesional bilingüe con nivel avanzado de inglés para el cargo de QA Automation. El candidato deberá tener experiencia en automatización de pruebas, diseño y redacción de las mismas, teniendo en cuenta riesgos y trabajando con casos de prueba en situaciones cambiantes. Será responsable de detectar y notificar fallos y errores, y debe entender las causas subyacentes de los problemas de software. Es fundamental que el candidato tenga conocimientos de lenguajes de programación .NET y JavaScript, así como de herramientas de automatización como Selenium, Appium, Katalon Studio y Cypress. Se ofrece contrato directo a término indefinido con la compañía, y un atractivo paquete salarial y de beneficios.",4,"10,000,000","12,500,000",Término indefinido,Híbrido,"Capacidad para identificar y solucionar problemas, habilidades de comunicación efectiva, especialmente en un entorno bilingüe, y adaptabilidad a diferentes plataformas y herramientas.",Bilingüe,Colombia, Bogotá,Elempleo,Sin especificar,https://www.elempleo.com/co/ofertas-trabajo/qa-automation-bilingue/1885842670?trabajo=software%20engineer&highlight=tester%2CQA
,13,Ingeniero QA,QA Analyst Senior,"Análisis de requisitos de usuario para definir y documentar planes de prueba, ejecución de casos de prueba, detección y documentación de errores y/o posibles mejoras, generación de informes de resultados de pruebas, definición de prioridades y planificación de pruebas de requisitos del sistema, documentación de las funcionalidades de los sistemas, representación de los usuarios finales ante los desarrolladores, detección y propuesta de mejoras en el proceso de control de calidad y en el ciclo de desarrollo de software.","BairesDev es una empresa líder en servicios tecnológicos que busca un QA Analyst Senior para su equipo de desarrollo. La responsabilidad principal será analizar los requisitos del usuario, definir y documentar planes de prueba, ejecutar casos de prueba, detectar errores y/o posibles mejoras, y generar informes. El candidato ideal tiene más de 5 años de experiencia en la prueba de productos web, un conocimiento avanzado en algoritmos y experiencia con bases de datos SQL y NoSQL, microservicios, la nube, entre otros. Se espera que el candidato tenga un nivel avanzado de inglés y esté dispuesto a trabajar de forma remota.",5,Sin especificar,,Término indefinido,Remoto,"Capacidad para analizar y solucionar problemas, habilidades de comunicación efectiva, adaptabilidad a diferentes plataformas y herramientas, trabajo en equipo y capacidad de innovación.",Bilingüe,Colombia,Cali,Elempleo,Bairesdev S.A.,https://www.elempleo.com/co/ofertas-trabajo/qa-analyst-senior/1885844602?trabajo=software%20engineer
,14,Cientifico de datos,Científico de datos / Ingeniero de datos,"Entrevistar a otros científicos y ingenieros de datos para evaluar sus habilidades técnicas, ingresar datos de esas entrevistas en el producto, trabajar junto con desarrolladores y líderes técnicos para construir aplicaciones, mejorar estructuras existentes, y mejorar la experiencia del usuario en plataformas escalables y de alta disponibilidad.","BairesDev, la empresa de más rápido crecimiento en América, busca un Data Scientist / Data Engineer para unirse a su equipo de desarrollo y participar en diferentes proyectos con equipos multiculturales distribuidos en todo el mundo. El candidato trabajará en entrevistar a otros profesionales, ingresar datos, trabajar con desarrolladores, y contribuir significativamente en el núcleo de cada negocio.",5,Sin especificar,,Término indefinido,Híbrido,"Análisis, resolución de problemas, capacidad para gestionar cargas de datos y calidad de datos, trabajo en equipo.",Bilingüe,Colombia,Medellín,Elempleo,Bairesdev S.A.,https://www.elempleo.com/co/ofertas-trabajo/data-scientist---data-engineer/1885845322?trabajo=software%20engineer
,15,Ingeniero de datos,Ingeniero de datos,Automatizar modelos de datos que apoyen la toma de decisiones y fortalecer el perfil como Data Engineer en la Vicepresidencia de Operaciones.,"TIGO Colombia invita a estudiantes a ser parte de su equipo con el propósito de conectar a más personas, mejorar sus vidas y desarrollar comunidades. El practicante tendrá la oportunidad de automatizar modelos de datos para apoyar decisiones y fortalecer su perfil en el área de Ingeniería de Datos.",0,Sin especificar,,Obra labor,Presencial,Muchas ganas de trabajar en equipo y querer aprender.,Español,Colombia,Medellín,LinkedIn,Tigo Colombia,https://www.linkedin.com/jobs/search/?currentJobId=3668237542&f_E=1&keywords=Ingeniero%20de%20software&refresh=true
,16,Ingeniero de seguridad,Ingeniero seguridad de información dti,Administración y gestión de la seguridad de la información para la Pontificia Universidad Javeriana Bogotá.,"La Pontificia Universidad Javeriana en Bogotá busca un profesional en Ingeniería o áreas afines para asumir el cargo de ingeniero de proyectos. Esta persona estará a cargo de la operación, administración y actualización del sistema de gestión de seguridad de la información, así como de los planes y programas asociados.",3,Sin especificar,,Término indefinido,Híbrido,"Capacidad para administrar y gestionar sistemas y planes de seguridad.
Habilidad para trabajar en equipo y colaborar con otros departamentos.
Proactividad y adaptabilidad a los cambios tecnológicos.
Habilidades comunicativas para impartir concienciación y educación en seguridad de la información.",Español,Colombia,Bogotá,Elempleo,Universidad Javeriana,https://www.elempleo.com/co/ofertas-trabajo/ingeniero-seguridad-de-informacion-dti/1885486371?utm_campaign=google_jobs_apply&utm_source=google_jobs_apply&utm_medium=organic
,17,Ingeniero de seguridad,Ingeniero de seguridad devsecops,Desarrollo de proyectos informáticos y servicios en grandes empresas.,"SAMTEL CONSULTORES COLOMBIA SAS, empresa en expansión en Latinoamérica, especializada en el desarrollo de proyectos informáticos, busca profesionales para una importante empresa del sector bancario en Bogotá. El candidato ideal debe tener habilidades para:

Automatizar, proveer, monitorear y mantener disponibles los recursos tecnológicos para la integración y entrega continua de los desarrollos.
Aplicar la seguridad en todas las fases del ciclo de vida de los desarrollos.
Tener experiencia en el manejo de Azure DevOps y en el sector bancario.",3,"6,000,000","8,000,000",Término indefinido,Híbrido,"Adaptabilidad a los cambios tecnológicos.
Capacidad para trabajar en equipo y colaborar con otros departamentos.
Habilidades comunicativas.
Proactividad y habilidad para resolver problemas de manera eficiente.",Español,Colombia, Bogotá,Elempleo,Samtel consultores Colombia,https://www.elempleo.com/co/ofertas-trabajo/ingeniero-de-seguridad-devsecops-bogota/1885819521?utm_campaign=google_jobs_apply&utm_source=google_jobs_apply&utm_medium=organic
,18,Ingeniero de IA / MA,Senior ML/AI Engineer,Desarrollo y aplicación de soluciones de inteligencia artificial y aprendizaje automático para herramientas militares de planificación.,"Onebrief es una herramienta integral que facilita la planificación militar. Como primer ingeniero de ML/AI en Onebrief, tendrás la oportunidad de dar forma y desarrollar la infraestructura de IA, implementando soluciones de vanguardia de AI/ML que tendrán un impacto directo en el éxito del producto.",3,"58,650,000","86,250,000",Sin especificar,Híbrido,"Enfoque en crear valor para usuarios reales.
Ambición, ingenio y capacidad para resolver problemas de manera creativa.
Aprendizaje rápido, trabajo en equipo y búsqueda natural de colaboración.
Integridad, honestidad intelectual y bajo ego.
Comunicación clara y concisa.
Autonomía y adaptabilidad al trabajar en entornos ambiguos.",Ingles,Estados Unidos,Otro país,Glassdoor,Onebrief ,https://jobs.ashbyhq.com/onebrief/389e7e83-e19e-4fb9-a45c-fb53d9d764b0?utm_source=bAYYjygYoa
,19,Ingeniero de seguridad,Cloud Security - Software Engineer,Desarrollo y seguridad en plataformas de comercio electrónico,"Mercado Libre, la plataforma líder de e-commerce en América Latina, busca incorporar un ingeniero de software especializado en seguridad en la nube. Esta posición es esencial para investigar problemáticas de seguridad, como la seguridad en contenedores, diseñar e implementar herramientas para proteger los activos de Mercado Libre, y colaborar con otros equipos en la promoción de estas iniciativas. Además, la empresa valora a quienes tienen un espíritu emprendedor, trabajan con compromiso, ven los cambios como oportunidades, promueven un buen clima laboral y disfrutan del trabajo en equipo.",Sin especificar,Sin especificar,,Término indefinido,Híbrido,"Energía emprendedora.
Compromiso y dedicación.
Adaptabilidad al cambio y aprendizaje de errores.
Enfoque en la excelencia y la ejecución.
Promoción de un buen clima laboral.
Capacidad para trabajar en equipo y colaboración.",Español,Colombia, Bogotá,LinkedIn,Mercado Libre,https://www.linkedin.com/jobs/search/?currentJobId=3665673229&keywords=Ingeniero%20de%20software&refresh=true&start=25
,20,Ingeniero de investigación,Ingeniero de Investigación (Research Engineer).,Investigación y desarrollo en el campo del aprendizaje automático aplicado a sistemas interconectados a gran escala.,"La Escuela de Ingeniería de Stanford ha estado en la vanguardia de la innovación. El Departamento de Ciencias de la Computación de Stanford es líder en investigación y educación en ciencias de la computación. El puesto es para trabajar con el Prof. Jure Leskovec en el grupo de Machine Learning de Stanford, enfocado en sistemas interconectados, desde interacciones de proteínas en una célula hasta interacciones entre humanos en una sociedad.",Sin especificar,"51,700,000","69,000,000",Término fijo,Sin especificar,"Excelente capacidad de comunicación escrita y oral.
Fuertes habilidades organizativas.
Capacidad para liderar y gestionar proyectos con un alto grado de independencia.
Capacidad para comunicar información de manera comprensible.
Familiaridad con agencias de financiamiento gubernamentales y fuentes de financiamiento para investigación académica.",Ingles,Estados Unidos,Otro país,Indeed,"Universidad Stanford, CA.",https://www.indeed.com/q-machine-learning-ai-engineer-jobs.html?vjk=95f675bf507fe99a
,21,Diseñador web,Diseñador Web,"Crear estilos gráficos y piezas para redes sociales y el portal web.
Realizar especiales multimedia y animaciones.
Proponer formatos para contar historias para la audiencia digital.
Investigar nuevas tendencias gráficas digitales.
Diseñar piezas y espacios gráficos para el portal.
Crear piezas de autopauta dinámicas.
Apoyar en la estilización y maquetación de portales.
Desarrollar herramientas para mejorar la experiencia del usuario.
Supervisar la coherencia visual de la marca.","RCN Televisión está buscando un Diseñador Web con habilidades tanto en diseño gráfico como en desarrollo web, para crear contenidos visuales que sean atractivos e interesantes para la audiencia digital.",3,Sin especificar,,Sin especificar,Presencial,"Capacidad de análisis.
Creatividad.
Adaptabilidad a las tendencias.
Trabajo en equipo.
Atención al detalle.
Capacidad de supervisión y coherencia de marca.",Español,Colombia, Bogotá,LinkedIn,RCN TV,https://www.linkedin.com/jobs/search/?currentJobId=3674041140&keywords=Ingeniero%20de%20software&refresh=true&start=25
,22,Ingeniero de IA / MA,Ingeniero de IA/ML,"Desarrollo de inteligencia artificial para conversaciones, específicamente IA que puede realizar llamadas de ventas y servicio al cliente de 5-40 minutos de duración."," En Air, están desarrollando una IA conversacional que es indistinguible de un humano, capaz de realizar llamadas de ventas y servicio al cliente. Ya han construido un sistema que puede realizar acciones autónomas en más de 5,000 aplicaciones únicas. La persona contratada será un contribuyente MASIVO y trabajará en estrecha colaboración con un equipo selecto.",Sin especificar,"86,250,000","345,000,000",Sin especificar,Remoto,"Obsesivo, con un enfoque en el trabajo, y con una mentalidad de mejora continua. Debe ser capaz de trabajar de manera autónoma y ser un jugador ""A"" según los criterios de la empresa.",Ingles,Estados Unidos,Otro país,Glassdoor,Air,https://m5.apply.indeed.com/beta/indeedapply/form/contact-info
,23,Ingeniero de IA / MA,"AI/ML - Ingeniero de evaluación de errores, Siri e inteligencia de la información","El rol implica la revisión de problemas entrantes, el análisis de registros, la identificación de tendencias emergentes y posiblemente desarrollar scripts y participar en la automatización de las funciones centrales de selección y triaje.","Esta posición juega un papel en la siguiente revolución de la interacción humano-computadora al apoyar un producto que redefine lo que significa ser un asistente virtual. Se trabajará en estrecha colaboración con múltiples equipos de Siri e Information Intelligence. El equipo es responsable de clasificar los problemas entrantes, apoyar proyectos especiales y mejorar los procesos y herramientas para nuestros equipos.",Sin especificar,"40,000,000","70,000,000",Sin especificar,Sin especificar,"Comunicador excepcional, enfoque en el cliente, capacidad para trabajar en un entorno en constante cambio, capacidad para trabajar con equipos interfuncionales y ejercer influencia sin autoridad directa, trabajo en equipo, capacidad de multi-tarea en un entorno acelerado.",Ingles,Estados Unidos,Otro país,Glassdoor,Apple,https://jobs.apple.com/en-us/details/200494504/ai-ml-bug-triage-engineer-siri-and-information-intelligence?team=SFTWR
,24,Ingeniero de datos,Ingeniero de Datos," Diseño e implementación de Bodegas de Datos, integración y limpieza de datos de diferentes fuentes, definición de modelos de datos y creación de esquemas de datos, desarrollo y mantenimiento de procesos de integración de datos, manejo de herramientas ETL, aplicación de técnicas de limpieza y transformación de datos, implementación de soluciones de seguridad y gestión de acceso a los datos.",El Banco Unión está en busca de un Ingeniero de Datos que trabajará en el área de Bodega de Datos en Colombia. El candidato ideal debe tener conocimientos avanzados en varias áreas técnicas relacionadas con la gestión de datos y también debe poseer habilidades blandas específicas.,3,"6,000,000",,Sin especificar,Sin especificar,"Capacidad de trabajo en equipo, comunicación efectiva (expresión oral), capacidad de gestionar múltiples proyectos simultáneamente y capacidad de análisis.",Español,Colombia,Cali,magneto,Banco union ,https://www.magneto365.com/co/empleos/ingeniero-de-datos-96f7c64b-364a-4760-97bb-bcb106657b6c?utm_campaign=google_jobs_apply&utm_source=google_jobs_apply&utm_medium=organic
,25,Ingeniero QA,Ingeniero de Automatización de QA / Investigación y Desarrollo (I+D),"Desarrollar y ejecutar planes y casos de prueba.
Estimar esfuerzos de prueba.
Analizar y comunicar resultados de pruebas.
Participar en actividades de control de calidad.
Colaborar en el diseño y aplicación de estrategias de prueba y validación.",BairesDev busca incorporar al mejor talento para la posición de Ingeniero de Automatización de QA en su equipo de I+D. Este equipo es esencial para las soluciones tecnológicas que generan millones de ingresos anuales para la empresa.,4,Sin especificar,,Término indefinido,Híbrido,"Capacidad de trabajar en un ambiente diverso y multicultural.
Adaptabilidad a un ambiente innovador.
Capacidad para trabajar en equipo.",Bilingüe,Colombia,Cali,Elempleo,Bairesdev S.A.,https://www.elempleo.com/co/ofertas-trabajo/ingeniero-de-automatizacion-de-qa---investigacion-y-desarrollo/1885843872?utm_campaign=google_jobs_apply&utm_source=google_jobs_apply&utm_medium=organic
,26,Ingeniero de software,Ingeniero de software microservicios,,,3,"8,000,000","10,000,000",Término indefinido,Híbrido,,Español,Colombia,Bogotá,Elempleo,Colmédica,https://www.elempleo.com/co/ofertas-trabajo/ingeniero-de-software-microservicios/1885699557?highlight=ingenieria%20de%20sistemas%2Cingenieria%20electronica
,27,Ingeniero de software,Practicante ingenieria de software,,,0,"1,000,000","1,500,000",Obra labor,Híbrido,,Español,Colombia,Bogotá,Elempleo,Covaltel,https://www.elempleo.com/co/ofertas-trabajo/practicante-ingenieria-de-software/1885811952?highlight=practicante%20Software
,28,Programador Backed,Python Backend Developer,"Liderar el desarrollo y mantenimiento de tuberías ETL, gestión de bases de datos gráficas y puntos finales de GraphQL para el grafo de conocimiento","Buscamos un Desarrollador Backend Senior con amplia experiencia en el desarrollo de ETL pipelines, desarrollo de endpoints GraphQL y gestión de bases de datos de grafos para unirse a nuestro equipo. En este puesto, asumirá una posición de liderazgo, siendo responsable del diseño y la implementación de canalizaciones ETL sólidas, gestión de bases de datos de gráficos y puntos finales GraphQL para el gráfico de conocimiento. Colaborará estrechamente con equipos multifuncionales, proporcionando orientación técnica y conocimientos para garantizar la implementación satisfactoria de los datos y los requisitos de diseño. Además, supervisará la optimización del rendimiento, las pruebas y las actividades de depuración para garantizar una solución backend fiable y escalable.",3,"12,000,000",,Término indefinido,Remoto,"Colaborar estrechamente con equipos interfuncionales para comprender los requisitos de datos, brindar orientación técnica y recomendar soluciones.",Ingles,Estados Unidos,Otro país,Computrabajo,PeakU,Trabajo de backend | Portal de Empleo Computrabajo
,29,Programador Backed,Python Backend Developer,Python Backend Developer,"Importante empresa esta en busca de tecnólogo o estudiante en Ingeniería de sistemas con experiencia de 3 años como desarrollador y conocimiento ..Net Core, C#, DevExpress, Soap, SQL Azure DevOps, Palabras clave, Api Rest Full",3,"4,500,000","5,500,000",Término indefinido,Remoto,Sin especificar,Español,Colombia, Bogotá,Elempleo,JOBANDTALENT CO SAS,"Empleo como Desarrollador backend Remoto, JOBANDTALENT CO SAS - elempleo.com"
,30,Programador Backed,nodejs backend Developer,"Diseñar, desarrollar, probar, mantener e implementar aplicaciones de alta calidad.","Diseñar, desarrollar, probar, mantener e implementar aplicaciones de alta calidad.",1,"5,135,400",,Término indefinido,Remoto,Colaborar con equipos multidisciplinarios para definir los requisitos y especificaciones del proyecto,Español,Colombia,Medellín,magneto,proteción,Ofertas de empleo en Colombia agosto 2023 | Magneto (magneto365.com)
,31,Programador FullStack,Desarrollador Full-Stack Python/React,"En Alluxi buscamos desarrolladores apasionados, proactivos y con muy buenas prácticas de desarrollo de software para unirse a nuestro equipo en crecimiento. Ofrecemos un gran ambiente laboral, 100% remoto (México), para siempre. Además de prestaciones superiores a la ley.","Como desarrollador FullStack estarás a cargo del desarrollo frontend y backend de las soluciones digitales de gran impacto, de igual manera estarás a cargo de liberar y asegurar la calidad de tus desarrollos realizados.",1,"7,251,930","7,800,930",Término indefinido,Remoto,Sin especificar,Bilingüe,mexico,Otro país,GetOnBoard,Alluxi,Desarrollador Full-Stack Python/React at Alluxi - Remote (work from home) | Get on Board (getonbrd.com)
,32,Programador Fronted,Desarrollador Senior Frontend,"En Grupo MOK estamos en la búsqueda de Profesionales en ingeniera de sistemas, tecnologías de la información o carreras afines para desempeñar el cargo de Desarrollador Senior Frontend.","Buscamos profesionales con experiencia minima de 4 años en desarrollo web con React:
- Creando Custom Hooks.
- Context
- React Router Dom v6.0
- Lazy Loading nativo
- Scroll infinito
- Cargas asíncronas: Promise (allSettled, Any)
- Optimizando webs a más del 90% (CSP, TTI, CLP)
- Intersection Observer nativo.",4,"7,352,800",,Término indefinido,Híbrido,Sin especificar,Español,Colombia, Bogotá,Computrabajo,Selección Grupo MOK,Trabajo de frontend | Portal de Empleo Computrabajo
,33,Programador Fronted,Desarrollador front end,"Conocimiento Específico: en HTML5, CSS3, JavaScript y frameworks populares, Programación responsive, Conocimientos en principios de diseño de UX/UI.",En el Banco W buscamos personas que nos ayuden agregar valor a los sueños y proyectos de los microempresarios colombianos. ¡Queremos ser el mejor lugar para trabajar y solo faltas TÚ! Te invitamos a hacer parte de nuestra gran familia. Tenemos oportunidades en el cargo de: Desarrollador Front End,3,"7,595,700",,Término indefinido,Híbrido,Sin especificar,Español,Colombia, Bogotá,Elempleo,Banco W,"Empleo como Desarrollador front end - cali en Cali, BANCO W S.A. - elempleo.com"
,34,Programador Fronted,UX Designer,"Colaborar con jefes de producto, ingenieros y otras partes interesadas para comprender y captar las necesidades de los usuarios y traducirlas en soluciones eficaces de experiencia de usuario.","Somos un equipo ambicioso y en crecimiento que busca dar un vuelco al sector de los envíos internacionales de paquetería, que mueve un billón de dólares, a través de una experiencia de primera clase. En Passport, tendrá la oportunidad de trabajar con algunos de los mayores comerciantes de comercio electrónico del mundo y pensar estratégicamente en cómo añadir valor a su negocio internacional.",3,"7,251,930",,Término indefinido,Remoto,"Excepcionales dotes de comunicación y presentación, con capacidad para articular claramente las decisiones de diseño y su relación con las necesidades de los usuarios y los objetivos empresariales.",Ingles,Estados Unidos,Otro país,GetOnBoard,Passport Shipping,UX Designer at Passport Shipping - Remote (work from home) | Get on Board (getonbrd.com)
,35,Programador FullStack,Desarrollador Full-Stack,Desarrollo Fullstack django/python,"Somos Nectia Software, una empresa de desarrollo ágil con más de 18 años de experiencia,Somos Nectia Software, una empresa de desarrollo ágil con más de 18 años de experiencia.
Hoy somos un equipo de más de 50 personas dedicadas de lleno a la tecnología: Diseñadores UX, Ingenieros y Desarrolladores",3,"7,654,815","10,072,125",Término indefinido,Híbrido,Sin especificar,Español,chile,Otro país,GetOnBoard,Nectia software,Desarrollador Full-Stack at Nectia Software - Chile | Get on Board (getonbrd.com)
,36,Programador FullStack,Desarrollador Full-Stack,JSF+Primefases en el front para el frontend y Java en el backend.,"Somos Orbis Data, consultora TI orientada a la búsqueda constante de la transformación. Con el objetivo de guiar a nuestros clientes hacia un futuro extraordinario y de impulsar cambios en los mercados, llevamos alrededor de 10 años entregando servicios de consultoría, ingeniería de procesos y desarrollo de sistemas",3,"6,849,045","8,460,585",Término indefinido,Híbrido,"Analizar y participar en el refinamiento de requerimientos, Participar de manera activa en el diseño de los componentes a desarrollar, Realizar el desarrollo de los componentes ya sean frontend y/o backend, Realizar testing unitarios e integrados sobre los desarrollos realizados, Acoplarse y cumplir a los estándares definidos por la organización",Español,chile,Otro país,GetOnBoard,Orbis Data,Desarrollador Full-Stack at Orbis Data - Chile | Get on Board (getonbrd.com)
,37,Desarrollador móvil,Desarrollador móvil, Desarrollador móvil con experiencia en Flutter.,"Prestigiosa compañía de desarrollo de software, busca para su equipo de trabajo Desarrollador móvil con experiencia en Flutter.",4,"6,000,000","10,000,000",Término indefinido,Remoto,Sin especificar,Español,Colombia, Bogotá,Computrabajo,Puedo Ser,Trabajo de desarrollador movil | Portal de Empleo Computrabajo
,38,Desarrollador móvil,Desarrollador android,En Samtel Consultores Colombia nos encontramos en búsqueda de Desarrollador Android con experiencia de mas de 3 años,En Samtel Consultores Colombia nos encontramos en búsqueda de Desarrollador Android con experiencia de mas de 3 años,3,"6,000,000","8,000,000",Término fijo,Presencial,"Profesionales Universitarios Graduados, Experiencia en Android, Experiencia con Android Studio",Español,Colombia, Bogotá,Elempleo,SAMTEL CONSULTORES COLOMBIA SAS,"Empleo como Desarrollador android Remoto, SAMTEL CONSULTORES COLOMBIA SAS - elempleo.com"
,39,Desarrollador móvil,Desarrollador de Software Java/android,"Asegura que las aplicaciones sean compatibles en varias plataformas y navegadores, Construir y ejecutar pruebas unitarias y planes de pruebas unitarias","Asegura que las aplicaciones sean compatibles en varias plataformas y navegadores Construir y ejecutar pruebas unitarias y planes de pruebas unitarias, En algunos casos contribuyen en la elaboración la arquitectura técnica de la solución Analizar los requisitos del sistema y los procesos de negocio existentes y sistemas de información. Puede contribuir a la elaboración técnica de la solución",4,"7,210,815","7,654,815",Término indefinido,Híbrido,"Estudio Nivel Superior (Título relacionado al rubro de TI) Ingeniería civil informática, Ingeniero de Ejecución o Carrea a fin",Español,chile,Otro país,GetOnBoard,SONDA SA,Desarrollador de Software Java/android at SONDA SA - Chile | Get on Board (getonbrd.com)
,40,Gerente de proyectos,Líder proyectos TI, Manejo de Proyectos de implementación de soluciones tipo ERP en todo tipo de empresas.,"Debe analizar la estrategia, el negocio y los procesos de la compañía para entender y descubrir sus necesidades de información y con base a los mismos, definir los requerimientos técnicos y funcionalidades del software por proceso y área, diseñando y documentando en detalle dichos requisitos funcionales",3,"4,500,000",,Término indefinido,Presencial,Sin especificar,Español,chile,Cali,Computrabajo,Cotel S.A.S,Trabajo de gerente de proyectos | Portal de Empleo Computrabajo
,41,Gerente de proyectos,Líder de proyectos para laborar en Medellín con experiencia en IPS o sector salud," Gestión de proyectos, preferiblemente en IPS, entidades sector salud","Gestionar de manera efectiva el portafolio de proyectos de la organización, alineados con los objetivos estratégicos, administrando la triple restricción alcance-tiempo-costo, y el logro de los beneficios esperados, buscando de manera permanente los mejores resultados en salud y de experiencia en servicio para los pacientes y sus familias, competitividad de la compañía en el mercado y la sostenibilidad del SGSSS",2,"4,200,000",,Término fijo,Presencial,Entrenar a los diferentes equipos en los procedimientos y metodologías establecidas para la gestión de proyectos en la compañía,Español,Colombia,Medellín,Computrabajo,MEDICARTE S.A,Trabajo de gerente de proyectos | Portal de Empleo Computrabajo
,42,Gerente de proyectos,Lider de proyectos TI con 2 años de experiencia,"Profesional en Ingenieria de sistemas, telecomunicaciones, electronica o afines,Diplimado y/o cursos en gestion de proyectos y/o metodologias agiles o tradicionales","Estamos en búsqueda para nuestro equipo de un Analista de mejoramiento de servicios tecnologicos con 2 años de experiencia en gestión de proyectos de tecnologia, diseño y desarrollo de soluciones de software en herramientas MS.NET (MVC,WPF,WCF) en lenguaje C#, NET core, manejo de mnicroservicios y manejo de proveedores de servicios de tecnologia a nivel de aplicaciones o infraestructura",2,"7,380,000
",,Término indefinido,Presencial,Sin especificar,Español,Colombia, Bogotá,Computrabajo,Dar Ayuda Temporal,Trabajo de gerente de proyectos | Portal de Empleo Computrabajo
,43,Product Manager,Product manager,Creación de modelos de negocios y gestión de proyectos con experiencia.,"Gestionar el ciclo de vida completo de los productos priorizados en la Unidad de Crecimiento Acelerado, su evolución e indicadores de usabilidad, con las necesidades del mercado, así como definir la visión, estrategia y nuevas capacidades de los productos teniendo en cuenta la alineación de los equipos involucrados dentro y fuera de la organización",3,"6,000,000","8,000,000",Término indefinido,Híbrido,"Visión, estrategia y nuevas capacidades de los productos teniendo en cuenta la alineación de los equipos involucrados dentro y fuera de la organización",Español,Colombia, Bogotá,Elempleo,Certicamara,"Empleo como Product manager en Bogotá, Certicamara - elempleo.com"
,44,Product Manager,Product Owner (Medios de Pagos), Profesionales innovadores junto a un gran equipo de trabajo.,"Liderar el ciclo de vida completo del producto, desde la conceptualización hasta el lanzamiento y seguimiento post-lanzamiento. Trabajar estrechamente con el equipo de desarrollo, diseño, marketing y ventas para asegurar la entrega oportuna y exitosa de las soluciones de medios de pago.",3,"4,000,000","5,000,000",Término indefinido,Remoto,Capacidad para comprender y traducir las necesidades del cliente en requisitos claros y específicos para el desarrollo de productos,Español,Colombia,No especifica,GetOnBoard,Ionix SpA,Product Owner (Medios de Pagos) at Ionix SpA - Remote (work from home) | Get on Board (getonbrd.com)
,45,Product Manager,Product manager omnicanal,"Persona proactiva, comprometida y abierta a experimentar desafíos profesionales innovadores junto a un gran equipo de trabajo. Buscamos a alguien capaz de desarrollarse dentro de la empresa , pero sobre todo alguien que quiera comerse el mundo","Debes ser profesional en carreras como Administración de Empresas, Mercadeo o Negocios Internacionales, con especialización o diplomado relacionados con Ecommerce; importante contar con experiencia de 4 a 6 años en roles similares",4,"5,500,000","6,000,000",Término indefinido,Híbrido,Crear las estrategias digitales y el manejo de precios de venta para el cumplimiento de presupuestos,Español,Colombia, Bogotá,Elempleo,Cencosud Colombia,"Empleo como Product manager omnicanal en Bogotá, Cencosud Colombia - elempleo.com"
,46,Ingeniero DevOps,Devops 9485, Contribuir al desarrollo tecnológico de nuestros clientes y su crecimiento continuo en sus industrias.,"Indispensable conocimientos de JAVA,PYTHON, NODE JS, Bases de Datos, NOSQL. Conocimientos en contenedores y sistemas de orquestación de contenedores (es decir Docker, Kubernetes, etc), herramientas CI/CD (Git, Jenkins, etc).Conocimientos servidores y almacenamiento, redes y sistemas operativos, tener conocimientos en cloud (AWS, GCP o Azure), Automatización de la infraestructura (Terraform, Puppet, Ansible), Conocimientos básicos de testing",2,"7,500,000",,Término indefinido,Remoto,Coordinar con el área de calidad cuáles serían las estrategias de automatización de las pruebas,Español,Colombia, Bogotá,Computrabajo,PeakU,"Empleo de Devops 9485 en PeakU - Bogotá, D.C. (computrabajo.com)"
,47,Ingeniero DevOps,Ingeniero devops,En Samtel Consultores Colombia nos encontramos en búsqueda de Ingenieros DevOps en Bogotá - Modalidad de trabajo Híbrido,"Indispensable tener actualmente el rol de Ingeniero DevOps, Experiencia de 4 años en Integración y despliegue continuo (CI/CD) en Azure DevOps",4,"6,000,000","8,000,000",Término indefinido,Híbrido,Sin especificar,Español,Colombia, Bogotá,Elempleo,SAMTEL CONSULTORES COLOMBIA SAS,"Empleo como Ingeniero devops en Bogotá, SAMTEL CONSULTORES COLOMBIA SAS - elempleo.com"
,48,Ingeniero DevOps,DevOps Engineer,"Aumentar la velocidad de entrega, mejorar la calidad/seguridad del código y optimizar los procesos para el equipo de desarrollo.","Ingeniero DevOps es responsable por identificar cuellos de botella en los procesos de desarrollo y entrega, trabajando con los miembros del equipo para mejorarlos y mejorar la experiencia general del desarrollador. Él o ella es responsable por las herramientas de implementación de infraestructura tales como código y servicios de apoyo en varias nubes, junto con métricas y acceso a información",Sin especificar,"6,043,275",,Término indefinido,Híbrido,Coordinar con desarrolladores y miembros técnicos de la organización para entender sus principales debilidades en el proceso de codificación y desarrollo,Español,chile,Otro país,GetOnBoard,Apex Global Mobility,DevOps Engineer at Apex Global Mobility - Chile | Get on Board (getonbrd.com)
,49,Ingeniero DevOps,Coordinador DevOps - Especialización culminada,"Liderar equipos de trabajo, Manejo de lenguajes de programación que se utilizan en el proceso de desarrollo de software","¿Buscas ser parte de una cultura de alto desempeño, comprometida con lo social? Si es así, te invitamos a participar en nuestra convocatoria para el cargo: Coordinador DevOps",5,"6,043,275",,Término indefinido,Híbrido,Creación de tareas de integración y despliegue continuo,Español,Colombia, Bogotá,Computrabajo,CAFAM,"Empleo de Coordinador DevOps en CAFAM - Bogotá, D.C. (computrabajo.com)"
,50,Programador Backed,Desarrollador/a de Backend,"manejo de herramientas de aplicaciones web (JavaScript, Soap, REST, JQuery) haciendo desarrollo de software","¿Buscas crecimiento personal y profesional? Uno de los bancos más importantes del país se encuentra en la búsqueda de un@ Desarrollador@ de Software, con experiencia mínima de 6 meses en el manejo de herramientas de aplicaciones web (JavaScript, Soap, REST, JQuery).",1,"5,662,119",,Término indefinido,Híbrido,Sin especificar,Español,Colombia,No especifica,Computrabajo,MISION TEMPORAL,Trabajo de backend | Portal de Empleo Computrabajo
,51,Programador Backed,Desarrollador backend,"Conocimiento y experiencia en programación orientada a objetos, Java 8, Amazon web services, experiencia con No-SQL (MongoDB, DynamoDB, Elasticsearch), experiencia usando Sonar, Gradle, Maven, Jenkins, JUnit","En Banco de Occidente estamos en búsqueda de profesional en Ingeniería de Software y/o Sistemas y afines, para integrar nuestro equipo de DESARROLLADOR BACKEND, con experiencia mínima de 2 años en Desarrollo de software en la nube",2,4.000.000,4.500.000,Término indefinido,Remoto,Sin especificar,Español,Colombia, Bogotá,Elempleo,Banco de Occidente,"Empleo como Desarrollador backend Remoto, Banco de Occidente - elempleo.com"
,52,Programador FullStack,Full-Stack Developer," Desarrollador/a Fullstack para formar parte de la unidad multidisciplinaria de bioinformática, y desarrollo de software y aplicaciones","El equipo integra un alto nivel de interdisciplinariedad en áreas tales como bioquímica, biología molecular, microbiología y bioinformática, con integrantes científicos que tienen estudios de postgrado en centros de excelencia nacionales e internacionales",2,"7,251,930","9,669,240",Término indefinido,Híbrido,"Adaptabilidad, Proactividad,Integridad,Colaboración,Trabajo en equipo,Comunicación,Empatía",Bilingüe,chile,Otro país,GetOnBoard,Orbis Data,Full-Stack Developer at Multiplex - Chile | Get on Board (getonbrd.com)
,53,Programador FullStack,Desarrollador Full-Stack,En el ámbito técnico se utilizará JSF+Primefases en el front para el frontend y Java en el backend,"Somos Orbis Data, consultora TI orientada a la búsqueda constante de la transformación. Con el objetivo de guiar a nuestros clientes hacia un futuro extraordinario y de impulsar cambios en los mercados, llevamos alrededor de 10 años entregando servicios de consultoría, ingeniería de procesos y desarrollo de sistemas. Nos involucramos en los desafíos de nuestros clientes e impulsamos a nuestros equipos a asumir un rol protagónico en los cambios",2,"6,849,045","8,460,585",Término indefinido,Híbrido,Analizar y participar en el refinamiento de requerimientos,Español,chile,Otro país,GetOnBoard,Multiplex,Desarrollador Full-Stack at Orbis Data - Chile | Get on Board (getonbrd.com)
,54,Desarrollador móvil,Desarrollador Mobile SSR,"Desarrollador fullstack o desarrollador mobile usando tecnologías como Reactjs, javascript (typescript opcional)","Somos una empresa de tecnología que transformo la industria del Mantenimiento y Gestión de activo, nuestra casa matriz estan en España y filiales en Chile, Colombia, Brasil y México. Ofrecemos una completa plataforma de mantenimiento inteligente, que está ayudando a miles de empresas en el mundo a gestionar de forma digital sus operaciones de mantenimiento y gestión de activos",1,"7,251,930","7,654,815",Término indefinido,Híbrido,sin especificar,Español,Colombia,No especifica,GetOnBoard,Fracttal,Desarrollador Mobile SSR at Fracttal - Remote (work from home) | Get on Board (getonbrd.com)
,55,Ingeniero de automatización,Ingeniero de automatización,"Piloteo de la industrialización de evoluciones de producto y proceso de Ingeniería de Flujos y Automatización, tanto en etapa de proyecto como en vida serie, asegurando los objetivos de calidad, costo y plazo. ","Integral S.A requiere para su equipo de trabajo un profesional en ingeniería mecánica, industrial, de producción, mecatrónicos o afines, con experiencia en sistemas industriales y automatización de procesos. El ingeniero/a deberá tener excelencia en reactividad, exigencia y rigurosidad en el jalonamiento y seguimiento de temas simultáneos. Se valorará el conocimiento en programación con equipos SIEMENS (STEP 7 y TIA Portal) y habilidades avanzadas en Excel y Análisis de Datos.",4,Sin especificar,,Sin especificar,Presencial,"Excelente reactividad, exigencia, rigurosidad, habilidades de resolución de problemas técnicos",Ingles,Colombia,Medellín,Elempleo,INTEGRAL,https://www.elempleo.com/co/ofertas-trabajo/ingeniero-de-automatizacion/1885816282?trabajo=Ingeniero%20de%20automatizaci%C3%B3n&highlight=automatizaci%C3%B3n
,56,Arquitecto de software,Arquitecto de Software,"Liderar el equipo de desarrollo para proporcionar soluciones rentables para nuevas características de productos y requisitos impulsados por el cliente, con un enfoque en nuevas soluciones y migraciones para aplicaciones legadas a aplicaciones estándar corporativas.","El Arquitecto de Software es responsable de liderar al equipo de desarrollo para proporcionar soluciones de extremo a extremo óptimas y rentables para nuevas funcionalidades de productos y requerimientos impulsados por los clientes, tanto para nuevas soluciones como para migraciones de Apps legadas a estándares corporativos y se requiere experiencia en soluciones de tecnología en la nube (GCP, AWS, Azure), conocimientos en varias de las siguientes tecnologías/idiomas Python / J2EE o .Net / SQL / NodeJS / REST APIs / JSON/XML / Kubernetes. Se espera un fuerte conocimiento técnico y una sólida comprensión de las soluciones empresariales, incluyendo redes, almacenamiento, hardware y capas de software.",5,Sin especificar,,Término indefinido,Remoto,"Capacidad para liderar equipos, habilidades para la resolución de problemas, capacidad para trabajar de manera efectiva con clientes y/o gestión de productos para entender los requisitos arquitectónicos de aplicaciones y nubes.",Bilingüe,Colombia,No especifica,Elempleo,Iron Mountain Colombia,https://www.elempleo.com/co/ofertas-trabajo/software-architect/1885852492?trabajo=Software&highlight=software
,57,Ingeniero de automatización,Ingeniero de automatización,"Realizar el mantenimiento de equipos electrónicos e instrumentos en instalaciones petroleras o petroquímicas, utilizando su conocimiento en variadores de velocidad y especialización en automatización y control.","MECANICOS ASOCIADOS S.A, importante compañía de Servicios para el sector de Hidrocarburos, Gas, Energía y Minería, busca un profesional con formación en Ingeniería mecatrónica, mecánica, eléctrica, electrónica, electromecánica o carreras afines, y deseable especialización en automatización y control. Se requiere al menos cinco (5) años de experiencia en diferentes áreas de mantenimiento industrial, con un mínimo de cuatro (4) años de experiencia específicamente en mantenimiento de equipos electrónicos e instrumentos en instalaciones petroleras o petroquímicas.",5,Sin especificar,,Obra labor,Presencial,"Se requiere una persona altamente calificada con habilidades técnicas sólidas en automatización y control, además de capacidades de resolución de problemas, adaptabilidad y trabajo en equipo.",Español,Colombia,No especifica,Elempleo,MECANICOS ASOCIADOS S.A.,"Empleo como Ingeniero de automatizacion y control en Tibú, MECANICOS ASOCIADOS S.A - elempleo.com"
,58,Ingeniero de automatización,Ingeniero de Automatización y Control,"Realizar tareas de mantenimiento en diferentes áreas industriales, enfocado principalmente en el mantenimiento de equipos electrónicos e instrumentos en instalaciones petroleras o petroquímicas. El ingeniero se encargará de garantizar el funcionamiento adecuado de los sistemas automatizados, utilizando sus conocimientos en variadores de velocidad y tableros de control.","MECANICOS ASOCIADOS S.A, una importante compañía de Servicios para el sector de Hidrocarburos, Gas, Energía y Minería de capital 100% holandés, busca un profesional en Ingeniería mecatrónica, mecánica, eléctrica, electrónica, electromecánica o carreras afines, con deseable especialización en automatización y control. Se requiere que el ingeniero cuente con al menos cinco (5) años de experiencia en diferentes áreas de mantenimiento industrial, de los cuales cuatro (4) años deben haber sido dedicados específicamente al mantenimiento de equipos electrónicos e instrumentos en instalaciones petroleras o petroquímicas. Además, se exige que el candidato tenga certificación en alturas vigente, licencia de conducción con 2 años de expedición y conocimientos en manejo defensivo.",5,"4,500,000","5,500,000",Sin especificar,Sin especificar,"Se valoran habilidades en trabajo en equipo, capacidad de análisis, comunicación efectiva y enfoque en seguridad.",Español,Colombia,No especifica,Elempleo,MECANICOS ASOCIADOS S.A.,"Empleo como Ingeniero de automatización y control en Tibú, MECANICOS ASOCIADOS S.A - elempleo.com"
,59,Ingeniero de automatización,Ingeniero de Automatización y Proyectos,"Realizar apoyo y soporte en actividades para la implementación de soluciones a nivel de ingeniería en proyectos y servicios, en el campo de automatización y control. Se requiere experiencia en equipos de automatización industrial, programación en equipos PLC y HMI, conocimientos en tableros eléctricos y lógica cableada, así como en control de movimiento utilizando variadores de velocidad y/o servomotores. El ingeniero será responsable de realizar análisis de tiempos, uso de tecnologías, manejo de herramientas e instrumentación, y deberá tener conocimientos en procesos de calidad y documentación para el correcto seguimiento y cumplimiento de solicitudes.","ADECCO COLOMBIA S.A, una compañía dedicada a mejorar y dar soporte a los procesos productivos y de servicio, busca Ingeniero de proyectos, automatización, electrónico o afines, con al menos 1 año de experiencia. El profesional será responsable de proporcionar apoyo y soporte para la implementación de soluciones de ingeniería en proyectos y servicios, con énfasis en automatización y control. Debe contar con conocimiento en equipos de automatización industrial, programación de equipos PLC y HMI, tableros eléctricos y lógica cableada, así como en control de movimiento utilizando variadores de velocidad y/o servomotores. Se valora el dominio del idioma inglés a nivel técnico intermedio.",1,"1,800,000","2,200,000",Obra labor,Presencial,"Se valoran habilidades de comunicación, trabajo en equipo, capacidad de análisis y resolución de problemas.",Ingles,Colombia, Bogotá,Elempleo,ADECCO COLOMBIA S.A.,"Empleo como Ingeniero de automatización, mecatronico, electronico en Bogotá, ADECCO COLOMBIA S A - elempleo.com"
,60,Ingeniero de software,Ingeniero de Soporte,"Brindar soporte técnico y atención al cliente en procesos logísticos y aplicaciones relacionadas, como SAP, WMS, TMS, SQL, Oracle, y desarrollo de herramientas con Java. Además, se requerirá conocimiento en sistemas operativos Windows y Linux, y en aplicaciones como Aranda o similares. El ingeniero será responsable de resolver incidencias y problemas técnicos, garantizando el correcto funcionamiento de los sistemas y aplicaciones para asegurar el flujo eficiente de las operaciones logísticas.","KIBERNUM SAS, una importante empresa del sector de tecnología, busca un profesional en ingeniería de sistemas o carreras afines, con al menos 2 años de experiencia en soporte técnico y atención al cliente. Se requiere conocimiento en procesos logísticos, aplicaciones como SAP, WMS, TMS, SQL, Oracle, desarrollo con Java y aplicaciones de Windows y Linux, así como en aplicaciones como Aranda o similares.",2,"4,000,000","4,500,000",Término indefinido,Híbrido,"Se valoran habilidades de servicio al cliente, capacidad de resolución de problemas, comunicación efectiva y trabajo en equipo.",Español,Colombia, Bogotá,Elempleo,KIBERNUM SAS.,"Empleo como Ingeniero de soporte en Bogotá, KIBERNUM SAS - elempleo.com"
,61,Ingeniero de soporte,Ingeniero de Soporte,"Brindar apoyo en actividades de proyectos de mejora relacionados con energía, eficiencia y planta, así como también en actividades RSPO (Mesa Redonda sobre Aceite de Palma Sostenible). El ingeniero será responsable de colaborar en el desarrollo y ejecución de proyectos de mejora dentro de la empresa, así como de participar en iniciativas relacionadas con la sostenibilidad y buenas prácticas en el sector agropecuario.","PALMAR DEL ORIENTE busca un profesional en ingeniería o carreras afines, con una experiencia mínima de 6 meses. El candidato debe tener habilidades en el manejo de herramientas ofimáticas, especialmente Excel. Su labor estará enfocada en brindar apoyo en actividades de proyectos de mejora relacionados con energía, eficiencia y planta, así como en actividades RSPO para el cumplimiento de estándares de sostenibilidad en el sector agropecuario.",0,Sin especificar,,Término indefinido,Presencial,"Se valoran habilidades de trabajo en equipo, comunicación efectiva y capacidad de aprendizaje rápido.",Español,Colombia,No especifica,Elempleo,PALMAR DEL ORIENTE.,"Empleo como Ingeniero de soporte en San Andres de Tumaco, PALMAR DEL ORIENTE - elempleo.com"
,62,Ingeniero de software,Ingeniero de Soporte,"Brindar soluciones, soporte y administración en el área de Telefonía IP, específicamente para plataformas de Call Center. El ingeniero será responsable de garantizar el correcto funcionamiento de la telefonía IP, implementar mejoras y resolver incidencias relacionadas con la plataforma. Además, deberá trabajar en la seguridad informática de los sistemas relacionados con la telefonía IP.","GI GROUP COLOMBIA S.A.S, una multinacional italiana dedicada a la macrogestión de recursos humanos, busca un profesional en Telecomunicaciones, Electrónica, Sistemas o carreras afines, con al menos 3 años de experiencia en soluciones, soporte y administración de Telefonía IP para plataformas de Call Center. Se requiere un nivel básico de inglés (A2) para lectura y entendimiento de documentos técnicos.",3,"3,000,000","3,500,000",Término indefinido,Híbrido,"Se valoran habilidades de comunicación, trabajo en equipo, resolución de problemas y enfoque en la calidad del servicio.",Ingles,Colombia,Medellín,Elempleo,GI GROUP COLOMBIA S.A.S.,"Empleo como Ingeniero de soporte en Medellín, GI GROUP COLOMBIA S.A.S - elempleo.com"
,63,Ingeniero de software,Ingeniero de Soporte Junior,"Brindar soporte técnico en áreas relacionadas con WiFi, redes, switches, centro de cableado, puntos de red y, opcionalmente, directorio activo. El ingeniero será responsable de atender incidencias, resolver problemas técnicos y asegurar el correcto funcionamiento de las infraestructuras de red y conectividad en la empresa. Además, deberá colaborar en el desarrollo de soluciones tecnológicas y participar en proyectos de implementación y mantenimiento de sistemas.","Complemento 360 SAS, una empresa especializada en desarrollo tecnológico, busca un ingeniero de soporte junior con al menos 1 año de experiencia en áreas afines. La modalidad de trabajo es presencial, bajo contrato de obra labor. El candidato debe tener conocimientos en áreas de WiFi, redes, switches, centro de cableado, puntos de red y, opcionalmente, directorio activo.",1,Sin especificar,,Obra labor,Presencial,"Se valoran habilidades de comunicación, trabajo en equipo, capacidad de resolución de problemas y orientación al cliente.",Español,Colombia, Bogotá,Elempleo,Complemento 360 SAS.,"Empleo como Ingeniero de soporte junior en Bogotá, Complemento 360 SAS - elempleo.com"
,64,Ingeniero de redes,Ingeniero de Redes y Telecomunicaciones,"El ingeniero será responsable de la administración y monitoreo de la red, tanto interna como externa, de los equipos instalados a nivel nacional e internacional en Enmedio Comunicación Digital S.A.S. También se encargará de garantizar los niveles de servicio requeridos por la operación y supervisar la infraestructura de servidores y computadores de la compañía. Además, deberá llevar a cabo tareas operativas, incluyendo el alistamiento, instalación y despliegue de software y hardware. Se requiere experiencia en administración y configuración de servicios en la nube, arquitectura y seguridad en redes y telecomunicaciones, manejo de servidores en sistemas operativos Windows y Linux, virtualización, almacenamiento de datos y seguridad de hardware y ciberseguridad, entre otros.","Enmedio Comunicación Digital S.A.S es una empresa líder en tecnología y comunicaciones en Latinoamérica, especializada en el ámbito del Digital Signage. Buscan un Ingeniero de Redes y Telecomunicaciones para administrar y monitorear la red interna y externa, así como la infraestructura de servidores y computadores. El candidato debe tener al menos un año de experiencia en áreas afines y formación en ingeniería de redes y telecomunicaciones, ingeniería de sistemas, ingeniería de telecomunicaciones, ingeniería electrónica o carreras similares.",2,"3,000,000","3,500,000",Término indefinido,Híbrido,"Se valoran habilidades de trabajo en equipo, innovación y excelencia.",Español,Colombia, Bogotá,Elempleo,Enmedio Comunicación Digital S.A.S.,"Empleo como Ingeniero de redes en Bogotá, enmedio comunicacion digital S.A.S. - elempleo.com"
,65,Ingeniero de redes,Ingeniero de Redes y Telecomunicaciones,"El ingeniero será responsable de diseñar, implementar e innovar nuevas soluciones de telecomunicaciones, así como de administrar las existentes soluciones tecnológicas que posee la compañía. Debe tener experiencia en redes, telefonía y dispositivos asociados, como switches, routers, firewalls, plataformas telefónicas y enlaces de comunicaciones. También se espera que tenga habilidades para desarrollar proyectos e iniciativas de negocio aplicando sus conocimientos en función a la organización. Se valoran conocimientos y/o experiencia en redes en la nube y capacidad de liderazgo de equipos.","Importante empresa del sector tecnológico y financiero busca un Ingeniero de Redes y Telecomunicaciones para diseñar, implementar e innovar soluciones de telecomunicaciones y administrar las soluciones tecnológicas existentes en la compañía. Se requiere un profesional en Ingeniería Eléctrica, de Sistemas, de Telecomunicaciones o afines, con al menos 3 años de experiencia en el área. Se ofrece contrato a término indefinido directo con la compañía, horario de lunes a viernes de 7:00 a.m. a 5:15 p.m. y trabajo híbrido.",3,Sin especificar,,Término indefinido,Híbrido,Se valora la capacidad de liderazgo de equipos.,Español,Colombia, Bogotá,Elempleo,"Empresa confidencial.





",Empleo como Ingeniero de redes y telecomunicaciones en Bogotá - elempleo.com
,66,Ingeniero de redes,Ingeniero de Redes y Telecomunicaciones,"El ingeniero será responsable de diseñar, implementar e innovar nuevas soluciones de telecomunicaciones, así como de administrar las existentes soluciones tecnológicas que posee la compañía. Debe tener experiencia en redes, telefonía y dispositivos asociados, como switches, routers, firewalls, plataformas telefónicas y enlaces de comunicaciones. También se espera que tenga habilidades para desarrollar proyectos e iniciativas de negocio aplicando sus conocimientos en función a la organización. Se valoran conocimientos y/o experiencia en redes en la nube y capacidad de liderazgo de equipos.","Importante empresa del sector tecnológico y financiero busca un Ingeniero de Redes y Telecomunicaciones. Se requiere un profesional en Ingeniería Eléctrica, de Sistemas, de Telecomunicaciones o afines, con al menos 3 años de experiencia en redes, telefonía y sus dispositivos asociados. Será responsable de diseñar, implementar e innovar nuevas soluciones de telecomunicaciones y administrar las existentes soluciones tecnológicas de la compañía.",5,Sin especificar,,Término indefinido,Híbrido,Sin especificar,Español,Colombia, Bogotá,Elempleo,"Empresa confidencial.





",Empleo como Ingeniero de redes y telecomunicaciones en Bogotá - elempleo.com
,67,Arquitecto de software,Arquitecto de Software,"El arquitecto de software será responsable de diseñar, desarrollar e implementar la arquitectura de software para los proyectos de la empresa. Debe tener experiencia en lenguajes .NET y Angular, así como conocimientos en plataformas en la nube como Azure y AWS. También se requiere experiencia en la metodología Scrum y certificación en TOGAF para el diseño de la arquitectura empresarial.","NTER RAPIDISIMO, una empresa especializada en mensajería y transporte de carga a nivel nacional e internacional, está buscando un Arquitecto de Software. Se requiere un Ingeniero de Sistemas o carreras afines con al menos 2 años de experiencia como Arquitecto de Software. Se valoran los conocimientos y certificaciones en Scrum y TOGAF, así como experiencia en lenguajes .NET, Angular y plataformas en la nube como Azure y AWS.",2,Sin especificar,,Término indefinido,Presencial,Sin especificar,Español,Colombia, Bogotá,Elempleo,INTER RAPIDISIMO,"Empleo como Arquitecto de software en Bogotá, INTER RAPIDISIMO - elempleo.com"
,68,Arquitecto de software,Arquitecto de Software,"El arquitecto de software será responsable de diseñar, desarrollar e implementar la arquitectura de software para los proyectos de la empresa. Debe tener experiencia en la construcción de software y arquitectura de software, así como conocimientos en Scrum y manejo de los siguientes frameworks: Rest, Spring, NOSQL, MongoDB y JavaScript. Deberá tener experiencia en diseño web adaptable, token authentication, arquitectura orientada a servicios y construcción de software. El arquitecto trabajará bajo la modalidad de prestación de servicios por horas.","TSG THE IT EXPERTS, una empresa joven del sector de la tecnología, está buscando un Arquitecto de Software para unirse a su equipo de trabajo. Se requiere que el candidato tenga pregrado en Ingeniería de Sistemas con especialización en construcción de software o arquitectura de software. Debe tener mínimo dos (2) años de experiencia en el rol de Arquitecto de Software y conocimientos en Scrum, así como manejo de frameworks Rest, Spring, NOSQL, MongoDB y JavaScript. Se valora la experiencia en diseño web adaptable, token authentication, arquitectura orientada a servicios y construcción de software. El contrato será bajo la modalidad de prestación de servicios por horas.",2,"4,500,000","5,500,000",Por prestación de servicios,Remoto,Sin especificar,Español,Sin especificar,No especifica,Sin especificar,TSG THE IT EXPERTS,"Empleo como Arquitecto de software Remoto, TSG THE IT EXPERTS - elempleo.com"
,69,Arquitecto de software,Arquitecto de Software,"El arquitecto de software será responsable del diseño de aplicaciones web, APIs y microservicios, así como del diseño de bases de datos relacionales y no relacionales. Debe tener conocimientos en patrones de arquitectura de software, marcos de trabajo ágil (Scrum, Kanban), DevOps, arquitecturas on-premise y en la nube. También se valorará tener conocimiento sobre Core financieros y el sector financiero. Trabajará en Visionamos Sistema de Pago Cooperativo, una entidad vigilada por la Superintendencia Financiera de Colombia que administra el único Sistema de Pago de Bajo Valor de naturaleza Cooperativa en el país y opera la Red Coopcentral.","Visionamos Sistema de Pago Cooperativo busca un Profesional en ingeniería de sistemas, informática y/o afines con al menos 2 años de experiencia como Arquitecto de Software o soluciones. El arquitecto será responsable del diseño de aplicaciones web, APIs y microservicios, así como del diseño de bases de datos relacionales y no relacionales. Debe tener conocimientos en patrones de arquitectura de software, marcos de trabajo ágil (Scrum, Kanban), DevOps, arquitecturas on-premise y en la nube. También se valorará tener conocimiento sobre Core financieros y el sector financiero. El contrato ofrecido es a término indefinido, y la modalidad de trabajo es híbrida, con días de trabajo presencial y días de teletrabajo móvil. El salario mensual ofrecido es de $6,810,000, más prestaciones de ley.",2,"6,000,000","8,000,000",Término indefinido,Híbrido,Sin especificar,Español,Colombia, Bogotá,Elempleo,Visionamos Sistema de Pago Cooperativo.,"Empleo como Arquitecto de software en Bogotá, Visionamos Sistema de Pago Cooperativo - elempleo.com"
,70,Ingeniero DBA,Ingeniero de Sistemas DBA (Administrador de Bases de Datos),"El Ingeniero de Sistemas DBA será responsable de la administración de los datos almacenados, la transformación y presentación de los datos, la seguridad de la base de datos, el control de concurrencia, la integridad de los datos, el lenguaje de acceso a la base de datos, la interfaz de comunicación de datos y la interacción con el manejador de archivos. Trabajará en una importante empresa del sector salud ubicada en Cali.","La empresa confidencial busca un Ingeniero de Sistemas DBA para su proceso de Tecnología de la Información. El Ingeniero de Sistemas DBA será responsable de la administración de los datos almacenados en la base de datos, la transformación y presentación de los datos, la seguridad de la base de datos, el control de concurrencia, la integridad de los datos, el lenguaje de acceso a la base de datos, la interfaz de comunicación de datos y la interacción con el manejador de archivos. Se ofrece un salario de $4,200,000 más $400,000 de bonificación fija. Es indispensable contar con amplia experiencia como DBA. El trabajo es presencial y se llevará a cabo en Cali.",2,"4,500,000","5,500,000",Obra labor,Presencial,Sin especificar,Español,Colombia,Cali,Elempleo,"Empresa confidencial.





",Empleo como Ingeniero de sistemas dba en Cali - elempleo.com
,71,Ingeniero DBA,DBA SQL Server Expert (Especialista en Administración de Bases de Datos SQL Server),"El DBA SQL Server Expert será responsable de administrar bases de datos SQL Server, realizar administración de sistemas de gestión de bases de datos (RDBMS), implementar soluciones de Alta Disponibilidad, configurar Alway On, administrar bases de datos, realizar copias de seguridad (backups), ajustar el rendimiento de las bases de datos (tuning) y llevar a cabo tareas relacionadas con la administración de bases de datos SQL Server.","Softtek Colombia, una compañía global de servicios de TI con amplia experiencia en la industria, está buscando un DBA SQL Server Expert para unirse a su equipo. El experto en administración de bases de datos SQL Server debe tener experiencia en la administración de SQL Server, administración de sistemas de gestión de bases de datos relacionales (RDBMS), implementación de soluciones de Alta Disponibilidad y configuración de Alway On. El rol también involucra tareas como administración de bases de datos, realización de copias de seguridad y ajuste del rendimiento de las bases de datos. Se requiere un nivel avanzado de inglés (80 - 95%).",Sin especificar,Sin especificar,,Término indefinido,Remoto,Se valora la capacidad de liderazgo de equipos.,Ingles,Colombia,No especifica,Elempleo,Se valora la capacidad de liderazgo de equipos.,"Empleo como Dba sql server expert Remoto, Softtek Colombia - elempleo.com"
,72,Ingeniero DBA,DBA SQL Server (Administrador de Base de Datos SQL Server),"El DBA SQL Server será responsable de la administración de bases de datos SQL Server, incluyendo la instalación de productos SQL Server, la realización de copias de seguridad y restauración de bases de datos, el ajuste de sentencias SQL (tuning), el monitoreo y la identificación de bloqueos y lentitud, así como la resolución de incidentes relacionados con bases de datos.","DBS SYSTEM SAS, una empresa de consultoría en tecnologías de la información especializada en el desarrollo de sistemas de información con tecnologías para e-business, está buscando un DBA SQL Server para su equipo de trabajo en Bogotá. El candidato debe ser tecnólogo, ingeniero de sistemas o afines recién graduado, con experiencia en Administración de Base de Datos SQL Server y sólidos conocimientos en instalación de productos SQL Server, copias de seguridad y restauración de bases de datos, ajuste de sentencias SQL, monitoreo e identificación de bloqueos y lentitud, y resolución de incidentes. Se requiere que el candidato cuente con alguna certificación en MS SQL Server.",3,"6,000,000","8,000,000",Término indefinido,Presencial,"Se valoran habilidades de trabajo en equipo, comunicación efectiva y capacidad de aprendizaje rápido.",Sin especificar,Colombia, Bogotá,Elempleo,DBS SYSTEM SAS.,"Empleo como Dba sql server (urgente bogotá) en Bogotá, DBS SYSTEM SAS - elempleo.com"
,73,Ingeniero de fiabilidad del sitio (RSE),Site Reliability Engineer (SRE) - Ingeniero de Confiabilidad de Sitio,"El Site Reliability Engineer (SRE) será responsable de colaborar con el equipo de SRE del cliente en la adopción de tecnologías Cloud y herramientas de despliegue dentro de Walmart. Esto incluye la colaboración en la implementación y mantenimiento de sistemas contenerizados, así como en el diseño e implementación de pipelines CI/CD. También se espera una colaboración activa en proyectos que involucren lenguajes de programación como JavaScript, Java y/o .Net, junto con una sólida comprensión de sistemas Linux y la filosofía DevOps.","Softtek Colombia, una compañía global y líder en servicios de TI con una amplia presencia a nivel mundial, busca un Site Reliability Engineer (SRE) para su equipo. El candidato ideal debe tener experiencia en tecnologías y prácticas como Kubernetes, sistemas Linux, entornos contenerizados, diseño e implementación de pipelines CI/CD y familiaridad con la filosofía DevOps. Se espera que el SRE colabore con el equipo de SRE del cliente en la adopción de tecnologías Cloud y herramientas de despliegue dentro de Walmart. Además, se requiere un nivel de inglés conversacional para interactuar con clientes fuera de Colombia.",5,Sin especificar,,Término indefinido,Remoto,Sin especificar,Ingles,Colombia,No especifica,Elempleo,Softtek Colombia.,"Empleo como Site reliability engineer sre Remoto, Softtek Colombia - elempleo.com"
,74,Ingeniero de fiabilidad del sitio (RSE),Site Reliability Engineer (SRE) - Ingeniero de Confiabilidad de Sitio,"El Site Reliability Engineer (SRE) será responsable de brindar soporte y mantenimiento al entorno de nube de los clientes, trabajando en un entorno de equipo. Colaborará en la implementación, configuración y optimización de sistemas en la nube, centrándose en la confiabilidad y eficiencia del entorno. También se espera que el SRE tenga experiencia en áreas clave como Linux, AWS / Azure, Terraform, scripting, y habilidades de resolución de problemas.","Datavail es una compañía que ayuda a los clientes a administrar sus datos y maximizar la eficiencia de TI a través de su profunda experiencia en bases de datos, análisis y aplicaciones. Fundada en 2007 y con operaciones en varios países, Datavail es la compañía más grande de América del Norte en integración de datos y administración de bases de datos. Están buscando un Site Reliability Engineer-Tier 2 para unirse a su equipo. El SRE trabajará en proyectos relacionados con la nube, apoyando la estrategia de cloud-first de los clientes, migraciones de centros de datos y modernización de aplicaciones. Se requiere experiencia en áreas como Linux, AWS / Azure, Terraform, y certificaciones asociadas de nivel en la nube (AWS o Azure).",2,Sin especificar,,Sin especificar,Remoto,Sin especificar,Español,Colombia,No especifica,Elempleo,Datavail Colombia.,(12) LinkedIn
,75,Arquitecto de software,Arquitecto de Soluciones," El Arquitecto de Soluciones será responsable de diseñar e implementar soluciones tecnológicas en colaboración con una entidad pública. Deberá cumplir con los requisitos y certificaciones especificadas en la oferta, así como tener experiencia en la formulación de arquitecturas de software o sistemas de información para entidades estatales. El arquitecto deberá aplicar sus conocimientos en áreas como CMMI, Amazon Web Services (AWS), IBM, SOA (Service-Oriented Architecture) y otras certificaciones relacionadas.","Una compañía líder en servicios de Tecnologías de la información y mejores prácticas está buscando un Arquitecto de Soluciones para trabajar en colaboración con una entidad pública. Se requiere un pregrado en áreas de Ingeniería de Sistemas, Ingeniería Eléctrica, Ingeniería Electrónica o Telecomunicaciones, y un posgrado en Ingeniería de Software, Arquitectura de Software, Arquitecturas de Tecnologías de la Información, entre otros. Además, se necesita tener certificaciones como CMMI 3 y/o superiores de ISACA, Certified Solution Architect de Amazon Web Services, Certified Solution Architect de IBM, Azure Solution Architect, SOA Architect, Certified Solutions Architect - Google Cloud Platform Architect, Microsoft Certified Solutions Architect Expert, entre otras.",6,"6,000,000","8,000,000",Por prestación de servicios,Remoto,Sin especificar,Sin especificar,Colombia,No especifica,Elempleo, Empresa confidencial.,Empleo como Arquitecto de soluciones o software soa o cmmi 3 Remoto - elempleo.com
,76,Arquitecto de software,Arquitecto de Soluciones,"l Arquitecto de Soluciones será responsable de diseñar soluciones en arquitectura de software, con un enfoque en soluciones en la nube utilizando Azure. Deberá tener experiencia en diseño de soluciones, programación y arquitectura de software, así como habilidades en Java - Spring Boot. El arquitecto colaborará con el desarrollo de proyectos informáticos y brindará soluciones tecnológicas en Azure."," Samtel Consultores Colombia, una empresa en crecimiento y expansión en Latinoamérica, está buscando un Arquitecto de Soluciones Azure. Se requiere que el candidato sea un profesional graduado con al menos 1 año de experiencia en el rol de Arquitecto y mínimo 3 años de experiencia en diseño de soluciones en arquitectura de software. Además, se necesita al menos 1 año de experiencia reciente en arquitectura cloud en Azure, incluyendo infraestructura como código con Azure (PaaS IaaS). Se valora la experiencia previa como desarrollador de software con conocimientos en programación Java - Spring Boot.",5,"8,000,000","10,000,000",Término indefinido,Híbrido,Sin especificar,Sin especificar,Colombia,Bogotá,Elempleo,SAMTEL CONSULTORES COLOMBIA SAS.,"Empleo como Arquitecto de soluciones en Bogotá, SAMTEL CONSULTORES COLOMBIA SAS - elempleo.com"
,77,Ingeniero de soporte,Ingeniero de Soporte,"El Ingeniero de Soporte será responsable de brindar soporte técnico y atención a los clientes, especialmente en procesos logísticos. Deberá tener experiencia en el manejo de aplicaciones como SAP, WMS, TMS y conocimientos en SQL, Oracle, desarrollo de herramientas utilizando Java, sistemas operativos Windows y Linux, así como familiaridad con la aplicación Aranda u otras similares. El ingeniero colaborará en la resolución de problemas técnicos y proporcionará soluciones a los clientes."," KIBERNUM SAS, una importante empresa del sector de tecnología, está buscando un profesional en ingeniería de sistemas o carreras afines con experiencia en soporte técnico y procesos logísticos. Se requiere experiencia en el manejo de aplicaciones logísticas como SAP, WMS, TMS, así como conocimientos en SQL, Oracle y habilidades en desarrollo de herramientas utilizando Java. Además, se valora la experiencia en sistemas operativos Windows y Linux, así como en la aplicación Aranda o similares. El contrato es indefinido y se requiere disponibilidad para trabajar en turnos 7x24.",2,"4,000,000","4,500,000",Término indefinido,Híbrido,Sin especificar,Sin especificar,Colombia,Bogotá,Elempleo,KIBERNUM SAS.,"Empleo como Ingeniero de soporte en Bogotá, KIBERNUM SAS - elempleo.com"
,78,Ingeniero de soporte, Ingeniero de Soporte,"El Ingeniero de Soporte será responsable de brindar soluciones, soporte y administración de Telefonía IP en plataformas de Call Center. Deberá contar con al menos 3 años de experiencia en este campo y estar familiarizado con la implementación y el soporte de tecnologías de Telefonía IP. Además, se espera que tenga un nivel básico de inglés (A2) para lectura y entendimiento de documentos.","GI GROUP COLOMBIA S.A.S, una multinacional italiana dedicada a la macrogestión de recursos humanos, está buscando un profesional en ingeniería, telecomunicaciones, electrónica, sistemas o afines, con al menos 3 años de experiencia en soluciones, soporte y administración de Telefonía IP para plataformas de Call Center. El cargo implica ser un Ingeniero Residente y ofrecer soporte y soluciones en esta área. Se requiere un nivel básico de inglés (A2) para la lectura y el entendimiento de documentos. El contrato es a término indefinido, con modalidad híbrida de trabajo y un salario de $3 a $3,5 millones.",3,"3,000,000","3,500,000",Término indefinido,Híbrido,Sin especificar,Ingles,Colombia,Medellín,Elempleo,GI GROUP COLOMBIA S.A.S.,"Empleo como Ingeniero de soporte en Medellín, GI GROUP COLOMBIA S.A.S - elempleo.com"
,79,Ingeniero de soporte, Ingeniero de Soporte,"El Ingeniero de Soporte será responsable de brindar soporte en mesa de servicios TI, atención telefónica y atención al cliente en proyectos relacionados. Se espera que tenga conocimientos y manejo de herramientas como Aranda y Office 365, así como experiencia en atención de servicios con herramientas de soporte remoto. También debe poseer certificaciones en ITIL V 3.0 Intermediate en cualquiera de las disciplinas (CSI, OSA, PPO, RCV, SOA, ST) o superiores. Además, se requiere una certificación adicional en PMP, COBIT, TOGAF, SCRUM MASTER, AZ-900 Microsoft Azure Fundamental o Microsoft 365 Certified: Modern Desktop Administrator Associate.
","Colsof S.A.S, una empresa comercializadora de productos de tecnología informática, está buscando un Ingeniero de Soporte para su equipo de trabajo. Se requiere un profesional en ingeniería de Sistemas, Eléctrica, Electrónica, Telecomunicaciones, Telemática, Informática o afines. Deberá tener al menos 3 años de experiencia en proyectos relacionados con soporte en mesa de servicios TI, atención telefónica y servicio al cliente. Se valoran certificaciones en ITIL y otras disciplinas relacionadas con la tecnología.",3,"4,500,000","5,500,000",Obra labor,Sin especificar,Sin especificar,Sin especificar,Colombia,Bogotá,Elempleo,"Colsof S.A.S.



","Empleo como Ingeniero de soporte - minhacienda en Bogotá, Colsof S.A.S - elempleo.com"
,80,Ingeniero de redes,Ingeniero de Redes y Comunicaciones,"El Ingeniero de Redes y Comunicaciones será responsable de garantizar el correcto funcionamiento de la infraestructura de red y comunicaciones en una importante empresa de telecomunicaciones. Esto puede involucrar la configuración, mantenimiento y solución de problemas relacionados con redes, firewalls, VPN, LAN, WLAN, proxy y otros aspectos de infraestructura y comunicaciones."," Importante empresa de telecomunicaciones busca tecnólogo o profesional con al menos 2 años de experiencia para ocupar el cargo de Ingeniero de Redes y Comunicaciones en Bogotá. El rol implica asegurar el correcto funcionamiento de la infraestructura de red y comunicaciones. Se ofrece un salario de $3.400.000 más prestaciones de ley, con pagos quincenales. El contrato es de obra o labor, y el horario es de lunes a sábado de 7:00 am a 8:00 pm, con horarios rotativos y disponibilidad para trabajar domingos y festivos según programación. El lugar de trabajo es en el norte de Bogotá.",2,"2,500,000","3,000,000",Obra labor,Sin especificar,Sin especificar,Sin especificar,Colombia,Bogotá,Elempleo,"Empresa confidencial.





",Empleo como Ingeniero de redes y comunicaciones - bogotá en Bogotá - elempleo.com